54,98,0
139,111,0.015685673
132,22,0.146399615
139,111,0.350313365
13,126,1.990337625
13,126,1.990337625
13,126,1.990337625
17,96,2.063537433
139,111,2.152422914
35,99,2.372022336
95,44,2.514936246
54,117,2.910563778
54,98,3.314905572
17,127,4.465188263
139,111,4.468673968
35,114,4.829444448
54,117,5.01418682
54,117,5.153615025
54,117,5.153615025
139,104,5.326157428
44,95,5.496956979
54,117,5.523099768
35,99,14.51796184
35,99,14.51796184
134,126,14.59987591
17,127,14.6295044
126,134,14.65739004
140,126,14.68527568
140,126,14.68527568
35,114,14.81598963
114,35,14.85433238
17,71,14.93798931
54,98,15.12796024
35,99,15.21858857
35,99,15.29004552
35,99,15.33361684
98,54,15.39461668
35,99,15.40507379
54,98,15.55495911
54,29,15.58981616
106,19,16.88301276
126,134,17.05032661
13,34,17.84681023
13,34,17.84681023
17,71,17.86075305
35,99,17.91303863
92,140,17.93918142
98,54,18.08732388
126,134,18.12566664
54,117,18.40103735
29,78,19.53737722
34,67,19.66983401
34,13,19.72037674
35,99,19.75697664
140,132,19.77091946
25,22,19.83889071
91,54,19.86677635
126,134,19.88769058
54,91,20.08289007
140,64,20.12646138
105,55,20.17177555
119,54,20.22928968
28,70,20.4785176
130,117,20.5116318
54,91,20.75911686
98,54,20.77654539
98,54,21.21051568
91,54,21.97214224
140,22,22.20045593
139,111,22.3851983
54,117,22.4148268
29,78,22.55948356
29,78,22.56122641
98,54,22.58388349
132,140,22.76339731
104,78,22.81916859
98,119,22.90282551
98,54,23.15031058
106,114,28.1313832
106,146,28.3370398
106,146,28.34749692
106,111,28.35446833
106,137,28.36841115
99,53,29.60932217
126,138,29.67206486
139,111,30.25592047
139,111,30.30123464
95,44,30.44763425
44,139,30.72997637
106,111,31.12734675
22,140,32.08591566
139,44,32.10334419
139,44,32.10334419
140,22,32.14865835
139,111,32.31248649
92,140,32.42577191
126,138,32.78654239
140,92,33.11594152
126,13,33.17519851
140,92,34.67405171
17,71,34.68102312
139,111,34.69845165
54,117,34.92327963
99,19,35.08885062
35,99,35.16205043
104,78,35.41999261
139,111,37.27613059
54,98,37.82338629
13,126,37.82512915
13,126,37.82512915
54,98,37.8303577
82,114,37.87218616
64,89,37.95758594
64,89,38.16324254
29,139,39.59935305
126,138,39.7335527
54,98,40.1448659
126,140,40.42720802
126,140,40.42720802
126,140,40.4463794
126,140,40.4463794
54,117,40.58406475
128,25,45.8544509
140,126,47.23653298
99,53,47.36898977
126,140,47.45438955
126,140,47.45438955
126,140,47.46136096
139,111,47.56941782
35,99,47.7942458
64,45,47.94064541
139,111,47.95807394
126,140,48.00164525
126,140,48.00164525
25,128,48.02604519
99,19,48.04521657
75,126,49.75321208
128,25,49.77412631
25,95,49.81769762
25,132,49.96409724
139,111,50.09481118
25,95,50.26386788
139,111,50.38238185
25,95,50.59152416
128,25,52.60103316
140,126,52.64983303
140,126,52.64983303
126,140,52.84677537
140,126,52.87466102
140,126,52.87466102
140,126,52.87640387
140,126,52.87640387
38,139,54.83362729
99,53,54.88417002
29,135,54.94342701
35,99,55.10028374
126,140,55.12119797
126,140,55.12119797
54,117,55.19614063
35,99,55.36171162
17,127,57.11153559
54,117,57.74941963
139,111,57.98644758
126,140,58.28970392
126,140,58.28970392
140,126,58.30364674
140,126,58.30364674
95,44,64.81145821
29,139,64.90905795
139,111,65.13214308
126,134,65.2158
140,126,65.49117071
140,126,65.49117071
140,126,65.49117071
64,107,65.60968468
139,54,65.63059891
95,44,65.6567417
126,134,67.22008045
139,111,67.32813731
126,134,67.57736523
134,126,67.57736523
140,126,67.92593574
126,134,68.22047782
64,107,70.04001589
139,111,70.05221586
134,126,70.08358721
134,126,70.20210118
126,134,70.20732974
25,132,70.36070077
64,107,70.4844433
126,64,70.86612801
64,58,72.32663846
126,134,72.3545241
126,134,72.3580098
126,134,72.36149551
126,134,72.37543833
35,99,72.40332397
139,111,72.41378108
126,64,72.41552394
25,22,72.41552394
54,139,72.52532365
54,117,72.71703743
25,132,73.20329329
126,134,73.2433789
54,139,73.42637842
54,139,74.90257454
54,98,74.93568874
25,22,75.36268762
98,54,75.4550588
64,4,75.65548685
106,146,81.27444351
95,44,82.41775479
44,95,82.59901145
126,134,82.92666774
28,70,83.13058149
54,117,83.36238088
54,117,83.37458084
126,75,84.88214831
92,140,85.55140369
140,92,85.56186081
114,82,85.77448882
54,117,87.38488459
91,54,87.40754167
54,117,87.45634154
54,117,87.45634154
139,111,87.88856898
126,140,87.94782597
126,140,87.94782597
126,134,87.9722259
126,134,88.02974004
64,68,88.1412826
95,44,88.22493952
75,103,89.86496378
106,111,90.16996298
3,128,90.32681971
54,139,90.40350523
139,29,90.48019074
98,117,90.54119058
35,99,92.72149913
17,127,92.81561317
54,117,93.00035554
54,117,93.04392686
54,117,95.03775019
17,127,97.65725759
17,71,97.664229
140,126,99.89856598
140,126,99.89856598
54,117,100.4649931
64,65,100.5695642
29,80,100.7299067
98,34,102.6017303
75,34,102.9921293
75,34,102.9921293
140,138,103.1577003
140,92,103.1838431
92,140,103.2047573
54,117,103.2971285
117,54,103.2988713
54,117,103.3807854
140,92,104.9754955
35,99,104.9842098
38,139,105.1201523
54,117,105.3676373
54,117,105.5122941
54,117,105.5122941
54,117,105.5628368
22,140,105.8016076
22,140,105.8016076
22,140,105.8016076
54,98,107.5270316
140,126,107.6350885
140,126,107.6350885
140,126,107.6350885
35,99,107.7082883
32,139,107.7797453
3,116,107.9104592
139,104,108.0864873
54,139,108.0864873
54,98,108.0952016
17,71,108.1649157
35,99,108.2572869
4,140,108.3688294
104,139,109.8363113
139,111,109.8711683
54,98,110.2371674
54,117,110.5700522
98,54,110.6606805
140,132,110.8227658
54,117,110.9255941
54,117,110.9255941
38,32,115.8264955
99,53,117.6233765
126,140,117.7105192
126,140,117.7105192
98,119,118.3832602
35,99,119.9396276
32,139,120.2951695
139,32,120.3003981
128,114,120.3387408
98,119,120.549626
98,119,120.549626
140,126,120.7186827
140,126,120.7186827
140,126,120.7186827
134,126,120.8737966
140,89,122.4841923
126,140,122.5173065
89,140,122.677649
98,119,122.6828775
99,53,122.7107632
140,89,122.771763
89,140,122.7752487
106,111,122.9199055
98,119,123.0837336
128,114,123.3015902
44,95,123.5386181
54,98,123.6292465
125,56,123.8767315
139,111,125.0496713
140,126,125.0810426
140,126,125.0810426
126,64,125.2239566
140,126,125.2692707
140,126,125.2692707
54,98,125.5742699
44,95,125.7258981
54,98,125.7520409
126,134,127.6622073
44,95,127.7319214
126,140,127.819064
140,126,128.0090349
98,117,128.1136061
132,22,128.1780916
134,126,128.2129487
98,119,128.2268915
139,32,128.3924625
64,4,133.5338776
64,107,134.9264168
126,134,135.0013594
35,99,135.0031023
134,126,135.0344736
98,119,135.0449307
126,134,135.125102
44,95,135.3168157
134,126,135.3272729
98,119,135.396987
17,71,137.7707521
126,140,137.9119232
126,140,137.9119232
29,139,138.0060372
54,98,138.1228084
13,126,138.1681225
13,126,138.1681225
29,78,138.1890368
22,132,138.2029796
54,91,138.4034076
140,132,138.410379
64,4,138.4138647
64,107,139.9318893
126,140,140.3519168
126,140,140.3519168
126,140,140.3519168
54,98,140.4303452
139,111,140.4582308
95,44,140.6464589
95,44,140.6830588
98,119,140.8416584
98,119,140.8416584
54,91,142.5078254
22,132,142.6716535
139,54,142.6873392
139,32,143.1230524
126,134,143.2781662
34,13,143.4123659
147,122,145.2772181
134,126,145.3451894
139,111,145.550846
139,111,145.5839602
3,116,145.7321026
117,54,148.9494085
139,111,152.6268274
44,95,152.6599416
22,132,152.666913
140,92,152.6878272
35,99,152.6947986
13,34,152.7906555
13,126,152.7976269
13,126,152.7976269
35,99,152.808084
104,80,153.0939119
132,140,153.1618831
13,34,153.2211401
34,13,153.2925971
140,134,153.329197
23,122,155.0337068
35,99,155.0371925
139,111,155.0476496
35,99,155.0720495
35,99,155.0790209
140,92,155.1591922
35,99,155.3073346
25,22,155.4014487
13,34,155.4502485
22,25,155.6018767
66,44,155.9155902
54,117,155.97659
126,140,157.6340428
126,140,157.6340428
64,4,157.7839281
25,132,157.8623565
54,117,157.8850136
139,111,158.1028701
98,54,158.1377272
54,76,158.8122111
17,128,160.0444079
35,99,160.2657502
139,32,160.31455
98,54,160.5829493
3,116,160.6125778
38,32,160.7310918
139,111,160.8513486
95,44,160.964634
126,13,161.0326053
44,95,161.1040622
126,138,162.6604296
126,134,162.6656581
98,54,162.7423436
139,130,162.9131432
44,95,162.9148861
126,140,163.164114
126,140,163.164114
126,140,163.164114
22,44,163.2076853
22,44,163.2076853
22,6,163.2181424
6,22,163.2390566
139,29,163.2895994
139,29,163.2895994
13,126,163.2965708
22,6,163.3192278
139,82,163.3349135
126,138,163.3610563
22,6,163.364542
6,22,163.4603989
92,140,163.4865417
140,92,163.4935131
140,92,163.495256
54,98,166.024135
54,98,166.048535
64,38,168.4955
106,111,168.980013
98,54,170.1965241
35,99,170.315038
95,44,170.4004378
6,22,170.4945518
98,54,170.5747231
22,6,170.6426943
126,138,170.6566371
139,111,170.7193798
98,54,170.7577226
139,54,170.7699225
98,54,170.8152367
139,78,170.8954079
6,22,170.9320078
35,99,170.9686077
54,98,170.9738363
139,130,171.0818932
54,98,171.2561784
12,93,172.596432
139,111,172.6434891
22,6,172.6870604
139,104,172.7881458
99,19,173.0914022
6,22,173.1070878
54,117,173.2221161
22,6,173.2604589
104,85,173.2796302
13,138,173.3789728
98,119,173.471344
98,54,173.5096868
4,140,173.5358296
54,98,173.6857149
54,98,173.6857149
91,54,175.0887112
91,54,175.398939
29,139,175.5087387
139,29,175.5209386
54,91,175.6185384
3,116,175.9461947
104,78,175.9514232
22,79,175.965366
44,17,176.2651367
78,104,177.6646473
13,126,177.8023326
13,126,177.8023326
22,51,177.8145326
22,51,177.8267326
22,25,177.9034181
54,139,178.0498177
54,130,178.1509031
104,78,178.1857602
139,54,178.3025313
22,79,178.3583026
54,139,178.4210453
64,38,178.4489309
140,138,178.483788
126,134,180.2597547
111,139,180.3416688
92,140,180.7860962
22,132,180.9621243
128,58,186.3231388
140,92,187.809792
99,19,187.9561917
44,95,187.9788487
106,76,188.3361335
103,34,188.3762191
103,34,188.3762191
92,140,188.4546475
25,22,188.6062757
22,79,190.1365002
22,79,190.1365002
126,134,190.2863855
92,140,190.3299568
140,92,190.3334426
92,140,190.3787567
140,92,190.3839853
22,79,190.6785274
22,79,190.6785274
127,17,190.7813557
92,140,191.0741549
66,44,191.0898406
126,13,191.2780686
139,32,191.8584385
122,147,192.6496936
140,138,192.7141792
54,117,192.7664647
130,29,192.7821504
122,130,192.8396645
130,29,192.8762644
54,117,192.9390071
54,117,192.9390071
81,74,192.9442357
54,98,192.9546928
54,98,192.9546928
54,76,192.9982641
126,134,193.1307209
111,139,193.188235
140,126,193.2352921
78,29,193.3520632
139,135,193.3904059
104,85,193.4165487
54,91,193.4984628
140,126,193.5350627
38,32,193.5838626
35,99,193.625691
54,117,193.909776
22,132,195.1367442
140,138,195.328458
13,126,195.5149432
13,126,195.5149432
13,126,195.5166861
13,126,195.5166861
91,54,195.5219146
13,126,195.5428289
13,126,195.5428289
91,54,195.5602574
13,34,195.5620002
54,98,195.5794288
111,139,195.6561143
126,13,195.7014284
54,98,195.7136284
54,91,195.7345426
126,134,195.7589426
54,91,195.7746282
34,13,195.8652566
34,13,195.8652566
134,126,195.8861708
79,22,195.931485
79,22,195.931485
104,78,196.0064276
111,139,197.9706225
38,32,198.0089652
98,54,198.1030793
54,98,198.3383644
25,22,198.7287633
29,139,203.8213785
29,130,203.9032926
12,110,205.2121749
139,29,205.2906032
139,29,205.2906032
78,104,205.3062889
92,140,205.4718599
12,110,205.5119455
133,130,205.541574
121,68,205.6078024
128,106,205.6635737
58,35,205.8640017
29,139,206.1428581
29,139,206.1428581
125,89,206.1690009
125,6,206.179458
54,117,206.1846866
54,117,206.250915
139,29,207.9623962
29,139,208.0111961
27,63,208.0321103
29,139,208.4190236
117,54,208.9558222
54,117,210.4442183
54,117,210.4459611
54,117,210.447704
139,29,210.5749322
139,29,210.5749322
117,54,210.6028178
104,135,210.6394177
122,147,210.6429035
13,75,210.6690462
98,54,210.6864748
139,29,210.6917033
98,54,210.6986747
98,54,210.7213318
98,54,210.7614174
126,140,211.1256736
126,140,211.1256736
54,139,211.3435302
54,139,211.3435302
29,139,221.4782178
126,134,222.8428714
125,89,223.3866414
140,126,223.5870694
140,126,223.5870694
139,111,223.7177834
140,92,223.7648404
125,89,223.792726
64,107,223.8258402
139,85,223.9025257
74,81,223.9687541
128,17,224.0192969
139,111,225.3212077
140,134,225.3909218
35,99,225.4170646
78,29,225.4885216
29,78,225.5042072
140,126,225.5373214
140,126,225.5373214
140,126,225.5373214
126,138,225.5442929
117,54,225.695921
117,54,225.695921
89,45,225.7046353
140,126,225.7098638
140,126,225.7098638
6,95,225.7133496
75,13,225.7917779
75,13,225.7917779
54,117,225.8283778
54,117,225.8492921
54,117,225.8545206
99,35,225.9503775
99,35,225.9503775
99,53,226.0671486
126,138,226.0915486
13,75,226.09852
17,71,226.1281485
17,71,226.1978626
74,12,226.1996054
126,140,226.2030911
126,140,226.2030911
74,12,226.2100625
140,126,226.2484053
140,126,226.2484053
125,89,226.4505762
106,111,226.8740894
106,111,226.8862893
106,111,226.9002321
74,12,227.9041152
139,82,227.9442008
98,54,228.0383149
25,132,228.2788285
140,138,228.7215131
35,99,228.7249988
64,4,228.8591984
44,95,228.958541
106,111,229.3175687
106,111,229.3297686
122,133,230.2029378
135,29,230.3632802
17,71,230.44868
95,44,230.4643656
134,126,230.6055367
135,139,230.6665365
54,117,230.6735079
117,54,230.8408218
54,117,231.0255642
117,54,231.0325356
54,117,231.0377641
117,54,231.0447355
117,54,231.0482212
54,117,231.3898203
29,139,232.8886735
29,139,232.8886735
75,103,233.0124161
130,139,233.0734159
104,78,233.083873
85,104,233.2285298
117,54,233.273844
139,82,233.3174153
130,135,233.3418152
135,139,233.3435581
3,116,233.4411578
3,116,233.4481292
135,139,233.5910431
54,117,234.0476705
54,119,234.0703276
139,82,239.5062847
139,82,239.5219704
139,82,239.5359132
126,134,240.3933967
92,140,240.436968
74,93,240.4578822
74,93,240.4578822
126,134,240.4944821
126,140,240.5223678
139,78,240.8500241
74,93,240.8535098
74,93,240.8535098
98,34,240.9458809
126,134,240.9511095
85,104,240.9720237
104,78,240.9772523
54,117,241.134109
17,71,241.1550232
134,140,241.1724518
54,117,241.5105652
38,73,242.8229332
126,138,243.0756468
98,34,243.1279323
35,22,243.5793312
44,22,243.7327022
139,99,243.7623307
29,139,243.8477305
29,139,243.8477305
103,34,244.5413858
123,45,245.4232692
35,99,245.484269
44,95,245.6167258
126,134,245.7247827
35,22,245.9705249
22,35,246.0541818
22,35,246.0541818
103,34,246.1517815
25,132,246.4132094
89,45,246.4323808
89,45,246.4323808
140,34,246.4881521
140,34,246.4881521
130,139,246.8977224
64,58,247.6401776
139,130,248.1020336
92,140,248.1403763
95,44,248.1961476
71,17,248.2257761
71,17,248.2257761
140,138,248.4593183
139,38,248.5133468
125,89,249.0152883
133,130,250.4130561
104,78,250.4391988
12,74,250.7163124
74,12,250.744198
12,74,250.7598837
54,117,250.9062833
73,52,251.1781683
103,34,251.3263108
103,34,251.3263108
126,140,257.9613505
126,140,257.9613505
91,54,257.9805219
134,126,258.0415217
126,138,258.0763788
140,126,258.1147215
140,126,258.1147215
98,54,258.2802925
98,54,258.2802925
139,38,258.5103491
98,54,258.5608918
98,54,258.5608918
54,117,258.5870346
54,117,258.5870346
54,98,258.5974917
91,54,258.6131774
140,126,258.6706915
126,140,258.6759201
126,140,258.6759201
91,54,258.7404056
135,29,258.8432339
12,74,258.8484625
147,122,258.9443193
51,22,258.9791764
122,147,260.4030869
126,134,260.4797725
139,111,260.4919724
126,134,260.4989438
74,42,260.5268295
111,139,260.6087435
126,134,260.6122292
146,96,260.6819434
96,146,260.6941433
145,79,260.709829
54,117,260.7516575
117,54,260.7603717
117,54,260.7621146
22,51,260.769086
138,81,260.8684286
51,22,260.8910857
62,16,261.0026282
117,98,261.0549138
122,147,261.1037137
126,140,261.1681992
126,140,261.1681992
122,23,261.2082848
74,93,261.2483704
74,93,261.2483704
140,126,261.265799
140,126,261.265799
126,140,261.5115412
126,140,261.5115412
54,117,261.5934552
122,147,262.8343663
126,138,262.9929658
126,134,263.203851
139,38,263.2090796
54,117,263.2247652
54,117,263.2596223
64,45,263.4356504
64,45,263.4356504
64,45,263.4356504
98,119,263.4827074
117,54,263.5036216
54,117,263.5733358
16,76,263.6447927
95,44,263.8260494
66,65,265.544502
74,42,265.5636734
132,22,265.7588729
22,132,265.8076727
22,25,266.0011294
54,117,266.738356
45,64,268.0158669
45,64,268.0158669
29,130,268.1186952
117,54,268.5578941
125,89,269.113864
42,74,275.4595902
74,42,275.4944473
38,139,275.5955327
6,22,275.6059898
126,138,275.616447
45,89,275.7018467
54,91,276.07656
64,4,276.2961595
54,117,276.6900441
29,139,278.1470689
29,23,278.1819259
125,73,278.4084968
54,117,278.4450967
25,22,278.985381
95,44,278.9871238
22,6,279.0028095
44,22,279.0864664
44,95,279.1282949
117,54,279.1631519
117,54,279.1770947
54,91,279.2032375
17,127,280.4580914
95,44,280.6410909
95,44,280.6724622
126,138,281.1099182
51,22,281.1308325
78,104,281.1534895
78,104,281.1569752
126,138,281.1935751
44,95,281.2057751
104,78,281.3330034
99,19,281.3905175
6,22,281.4828887
54,91,283.2745411
71,17,283.3791123
71,17,283.3808551
25,44,283.6492544
25,44,283.6492544
74,115,284.0936818
54,117,284.2052244
29,78,285.7546203
126,134,285.7772774
71,17,285.9184484
12,129,286.0038482
54,117,286.1450193
22,44,286.2391333
17,127,295.8195938
71,17,295.9433364
71,17,295.9433364
117,54,297.0151907
95,44,298.1236449
27,70,298.6987863
71,17,298.7406147
71,17,298.7911575
64,32,298.8138145
44,25,301.5919215
126,134,301.680807
29,90,304.777856
64,107,311.6324951
106,111,311.8974087
95,44,313.2202338
126,134,313.2812337
117,54,313.3422335
125,89,313.3474621
117,54,313.4590046
117,123,313.478176
35,99,315.7072844
140,13,315.8414841
35,99,316.0419121
50,19,316.2405973
19,50,316.3277399
117,54,316.4549682
64,65,316.5107395
64,32,316.5142252
35,99,316.5438537
54,117,316.8139958
54,117,316.9325098
54,117,318.4836486
126,134,319.1598754
126,134,319.1598754
54,117,319.4230461
12,86,320.747614
12,86,320.7685283
126,134,320.8643852
126,134,320.866128
139,104,320.984642
139,104,321.350641
140,92,321.3924695
139,104,321.4552122
29,139,321.6050975
25,22,321.7236115
54,117,327.3164253
126,140,328.5817363
75,34,328.7107074
75,34,328.7107074
3,116,328.7804215
3,116,328.7961072
81,22,328.9390211
22,81,329.0435922
22,81,329.0435922
81,22,329.1342206
126,13,329.2841059
126,13,329.2841059
126,138,329.3050201
54,117,330.0683895
54,117,330.0683895
17,71,330.6435309
17,66,330.6505023
22,81,330.8160733
22,81,330.8160733
126,134,331.4609287
106,99,331.4923001
106,99,331.4923001
140,92,331.6526425
54,117,332.2417267
64,107,333.1933242
98,9,333.5349233
50,6,333.6952657
140,92,333.7789226
25,51,333.9392651
64,4,333.9410079
22,25,334.0072363
22,25,334.0089792
25,22,334.2268357
125,89,334.2843499
146,99,335.9487741
106,76,336.1648878
35,99,336.3182588
126,13,336.3531159
17,66,336.4437442
132,22,336.5518011
126,13,336.6058295
22,132,336.7069149
126,51,338.5891957
25,22,338.8854806
74,93,338.9220805
74,93,338.9220805
74,93,338.9534519
74,93,338.9534519
22,132,339.0841658
126,138,339.235794
25,22,339.2898224
125,89,339.767364
42,93,340.642276
106,6,346.3971752
140,92,348.4119127
50,111,348.5007982
38,32,348.551341
3,116,348.7883689
22,132,348.9434828
140,92,351.2370767
140,92,351.3712764
29,139,351.5542759
64,87,351.9464177
126,138,353.5777277
74,93,353.8147557
74,93,353.8147557
130,54,353.8530984
22,81,354.0378408
22,81,354.0378408
140,89,354.4177827
140,89,354.4177827
140,134,355.9514929
140,126,355.9898357
54,117,355.9950642
54,130,356.0386356
29,139,356.3593204
99,106,356.5092057
126,140,356.5858913
139,104,356.6730339
54,117,359.8798826
38,73,363.5817014
126,140,363.6113299
89,125,363.7629581
125,89,363.871015
106,99,363.8779864
106,95,363.8832149
132,22,364.0801573
29,95,364.1585856
54,117,364.2788425
117,54,364.3328709
87,125,364.3572708
128,65,364.4827562
125,87,366.2430373
54,117,366.4852938
126,138,366.5375794
140,13,366.5933507
126,140,366.6665505
126,134,366.6787504
54,139,366.6804933
139,54,366.7223218
54,139,366.7275503
139,54,366.7362646
126,140,366.8704642
54,117,366.9000927
126,134,366.9157784
106,99,367.2887488
106,111,367.3201202
140,126,368.4756314
140,92,368.4791171
64,32,368.5488312
78,104,368.6778023
140,134,368.787602
140,134,368.799802
139,38,368.9008875
54,117,368.9862872
54,117,368.9862872
126,13,368.9932586
146,101,369.0316014
54,117,369.1396583
126,140,369.3662291
64,4,369.390629
64,4,369.3958576
126,13,369.4673145
78,104,369.9326562
35,99,370.868568
29,23,370.8703109
29,139,370.9138822
99,41,371.2206242
12,98,371.4506808
126,138,371.6284517
126,138,371.649366
89,125,373.4514755
139,54,373.5089896
35,99,373.6100751
29,130,373.681532
54,117,373.8366459
54,117,373.8366459
12,74,373.9098457
140,126,373.9603884
74,12,374.0022169
139,54,374.0980738
140,92,374.1590736
140,92,374.3333589
29,139,379.391117
54,117,379.7606018
126,13,380.98757
13,138,381.2420264
45,64,381.3797118
54,117,381.3919118
64,45,381.756168
54,117,381.8746819
44,140,381.9705388
126,51,382.0088816
126,138,383.5582775
74,9,384.1491045
74,93,384.1804759
22,25,384.1874473
74,93,384.2815613
92,34,384.3408183
126,134,384.3425612
83,5,385.0222737
38,64,385.9041571
64,38,385.9703854
64,38,386.2387847
17,127,386.5211269
126,138,386.5437839
38,32,386.6710122
83,6,387.075354
140,92,388.6491498
125,45,388.6630927
25,132,388.7711495
17,71,388.894892
22,25,388.9018635
29,135,389.1964055
17,71,389.2190626
87,89,389.344548
29,139,389.4456335
38,139,389.5031476
126,13,389.6059759
83,45,390.1079174
29,139,390.9183439
126,51,391.0839149
29,139,391.0978577
25,132,391.0978577
29,90,391.1048291
126,13,391.1100577
25,22,391.5370565
126,134,391.5736564
22,25,391.5963135
126,134,391.7549131
125,73,391.9361698
54,117,392.2324547
54,117,392.2324547
64,107,397.3529555
121,38,398.4248099
140,13,398.6043237
140,13,398.7176091
17,71,398.7315519
140,132,398.7698947
25,132,398.860523
64,82,398.9999512
17,71,399.0121512
117,54,399.3066933
17,71,399.4077787
64,32,399.4374072
83,67,399.8452347
35,99,401.0199173
64,32,401.2726309
13,126,401.5480016
117,54,401.5619445
74,119,401.7606297
54,123,402.1632286
54,123,402.1632286
125,89,402.2259713
139,104,402.382828
13,134,403.5505392
126,134,403.5731963
126,134,403.6115391
126,13,403.6219962
126,134,403.6620818
64,87,403.7335388
25,51,403.8764527
38,64,403.8816812
140,132,404.1361377
140,132,404.1361377
83,6,404.1762233
17,127,404.2529088
140,92,404.2651088
126,51,404.2929944
140,92,404.4829654
126,134,406.1996751
126,134,406.2275608
29,139,406.319932
54,117,406.5046743
126,134,406.50816
87,64,406.8061878
73,38,407.0240444
54,117,408.766897
54,117,408.7721255
54,117,408.8122111
54,117,408.8122111
38,64,408.9969535
74,12,409.1172103
54,117,409.120696
25,22,409.1938958
64,87,409.286267
89,4,409.4378952
66,44,409.4622951
25,22,409.5215521
140,92,409.5389806
106,76,414.1383686
29,139,414.7867097
128,66,416.0101922
140,132,416.214106
35,99,416.2977629
126,134,416.3239057
134,126,416.3395913
35,99,416.4232483
134,51,416.7404474
64,87,416.7491617
74,12,416.8380472
54,117,416.8415329
12,74,416.8607043
74,12,416.8694185
74,100,416.886847
25,22,416.9600468
64,107,417.0332467
29,139,417.0942465
29,139,417.1081893
126,138,418.6140139
126,140,418.6994137
99,35,418.8336134
128,73,418.873699
117,54,418.8806704
25,51,418.9277274
128,73,418.9974415
3,116,419.0131272
3,116,419.0166129
140,92,419.0479842
99,53,419.0915555
25,51,419.239698
140,126,419.3895833
75,140,419.3965547
140,75,419.4418689
126,134,419.5429543
106,111,420.2139526
64,38,421.0174076
54,139,421.2927783
71,17,421.414778
25,22,421.7180343
3,116,421.792977
3,116,421.8156341
134,51,421.8313198
25,22,421.9376338
44,25,422.0857762
106,119,423.7153434
126,134,423.8722001
126,140,423.873943
64,4,424.0673996
64,4,424.1649993
140,51,424.2225135
140,51,424.2225135
81,51,424.2538848
140,126,424.2730562
51,126,424.4577986
126,134,424.511827
54,117,424.6390552
122,147,424.8359976
95,44,426.1535941
54,117,426.1692798
95,44,426.2982509
25,51,426.5108789
126,51,426.7252498
126,51,426.7252498
126,51,426.7269926
126,51,426.7374497
51,126,426.8699065
134,140,426.9483349
126,134,427.1104202
54,117,431.52158
54,117,431.52158
83,45,434.4443437
83,45,434.5541435
83,6,435.4011698
126,138,436.237739
74,100,436.3126817
13,126,436.3998243
95,44,436.4555956
126,134,436.5148526
54,117,436.6176809
25,22,437.0603654
140,92,437.1143939
54,117,437.2520792
122,147,437.2729935
83,45,437.8202492
83,6,437.8272206
25,51,438.7753324
126,134,438.7840466
134,126,438.7927609
25,132,438.9478748
99,19,439.1064743
140,134,439.1587599
22,132,439.4445877
99,35,439.4480735
54,117,440.174843
83,64,440.3526139
74,12,441.1665261
12,74,441.1682689
17,71,441.2344973
95,44,441.2676115
25,22,441.3233828
17,128,441.4767538
25,51,441.5534393
74,12,441.5638965
95,44,441.5743536
12,74,441.593525
24,78,441.6301249
54,117,441.6492962
26,98,441.7904673
74,12,441.806153
74,12,442.0379524
126,134,442.1163807
140,92,442.1529806
83,16,442.9860642
12,74,443.6413767
128,17,443.6884337
35,99,443.7790621
126,140,443.7860335
126,140,443.7860335
29,139,443.8906046
134,126,444.0073758
126,134,444.2025752
44,95,444.2478894
22,51,444.4099747
22,25,444.5075744
140,4,444.512803
128,3,444.512803
54,117,444.725431
122,147,444.7690023
46,4,444.8718306
54,117,449.46599
64,107,449.7692463
83,64,450.4524445
44,95,451.3325851
134,126,451.6393271
3,116,451.64107
126,134,451.6515271
83,64,451.7578411
25,51,451.7892124
54,117,451.8798408
34,75,452.0262404
54,117,452.0262404
83,64,452.0576117
54,117,452.3138111
54,117,452.3138111
95,44,453.7603787
126,13,453.8126643
95,44,453.8893498
134,126,453.9451211
44,95,453.9538353
38,65,454.0584065
38,65,454.0584065
54,117,454.0862921
54,117,454.3442343
83,6,454.4854054
134,126,454.6527192
54,117,454.713719
64,4,454.8374616
54,117,454.938547
78,104,455.163375
41,99,456.1358867
134,126,456.3764004
44,95,456.3938289
25,22,456.5106
25,51,456.9846559
126,134,457.1049128
126,13,457.1083985
126,13,457.1083985
126,13,457.1101413
126,13,457.1118842
126,13,457.113627
25,22,457.113627
29,139,457.1415127
140,92,457.172884
54,117,457.444769
54,117,457.444769
128,10,458.6804515
22,25,458.68568
126,134,458.7588798
134,126,458.7606227
126,134,458.791994
44,95,458.8425368
74,26,458.8547367
35,99,458.910508
35,99,458.910508
134,126,458.9122509
25,132,459.0115935
26,74,459.0133363
22,25,459.1161646
13,126,459.1771644
125,45,459.182393
95,44,459.2277072
126,134,459.2799927
140,134,459.2939356
126,134,459.3653925
12,74,459.4804208
140,132,459.4995922
140,132,459.4995922
74,12,459.501335
134,126,459.5902205
106,64,459.6181061
140,13,459.6233347
126,13,459.6703917
140,92,459.7662486
140,126,461.1483307
140,126,461.1483307
126,138,461.3139017
22,132,461.4812155
54,117,461.5056155
71,17,461.5997295
106,82,461.7775005
122,147,461.8036433
66,44,461.9378429
22,51,461.9622428
51,126,461.9814142
54,117,462.0877282
117,54,462.1434995
118,130,462.6018697
143,44,468.7471679
44,25,468.8534819
126,13,468.8709104
134,126,468.8935675
44,95,468.9563102
117,54,468.9615387
54,117,469.0905098
117,54,469.1009669
82,106,469.123624
26,98,469.3118521
25,22,469.6865654
106,146,470.2163926
64,45,471.2289899
107,65,471.3091611
44,95,471.3719038
140,92,471.3788752
140,13,471.5671033
74,26,471.6350746
64,45,471.6856173
87,64,471.7518457
54,117,471.7553314
26,74,471.8285312
92,126,472.126559
54,117,472.1405018
126,13,472.3723012
54,117,472.5239294
126,13,473.8310688
134,126,473.9164686
25,22,473.9774684
25,51,474.0506682
54,117,474.1308394
126,92,474.1935821
126,92,474.1935821
44,95,474.573524
54,117,474.7216664
54,117,474.7512949
106,99,475.2497508
22,132,476.2536338
81,22,476.3076623
126,134,476.3494907
126,13,476.3564621
64,107,476.464519
54,117,476.5568902
54,117,476.5847758
54,117,476.5882615
25,22,476.6091758
74,12,476.6091758
54,117,476.6109186
44,95,476.6928327
54,117,476.7120041
54,117,476.7137469
29,80,476.9037179
25,22,477.0117747
25,51,477.1581743
22,81,477.2435741
29,139,477.2470598
126,138,477.3150311
126,81,477.445745
122,147,477.4980306
128,3,479.1049406
71,17,479.1310834
26,74,479.2478545
134,126,479.467454
44,95,479.6365107
125,89,479.7637389
125,89,479.8578529
125,89,480.9140216
54,117,481.7209623
54,117,481.7209623
54,117,481.7261909
54,117,481.7261909
54,117,481.7401337
22,132,486.2454076
126,13,486.3778644
29,90,486.3970358
26,98,486.5608639
54,117,486.5922352
54,117,486.6079209
54,117,486.6236066
54,117,486.6549779
54,117,486.6846064
54,98,486.7351492
22,132,486.9599771
25,22,487.0331769
22,81,487.1464624
22,81,487.1464624
54,98,487.2074622
34,13,487.2196622
81,22,487.2876334
12,93,488.7167725
22,81,488.7899723
74,119,488.9938861
54,117,489.030486
54,123,489.0409431
54,117,489.0479145
13,126,489.077543
54,117,489.1368
54,117,489.1821141
126,81,489.196057
54,117,489.2204569
117,54,489.2204569
126,13,489.2239426
54,117,489.3128281
126,138,489.3999707
12,98,489.408685
13,126,489.4104278
126,134,489.4191421
132,25,489.5829702
25,51,489.7607412
54,117,489.8269696
54,117,489.8478838
54,91,490.0866546
83,89,490.3393683
126,134,491.4042512
54,117,491.6377934
17,127,491.643022
54,117,491.6691648
134,126,491.7580502
74,124,491.7929073
83,45,491.9044499
83,89,491.9393069
54,117,491.9584783
54,117,492.0037924
54,117,492.0037924
140,132,492.0177353
22,25,492.0421352
132,140,492.0665351
54,117,492.0717637
22,81,492.186792
22,81,492.186792
81,22,492.1885348
89,4,492.221649
54,117,492.2652203
22,81,492.268706
22,81,492.268706
54,117,492.2739346
126,140,492.3384201
126,140,492.3384201
89,4,492.3471344
140,126,492.3593344
83,68,492.3976771
126,140,492.4377627
89,4,492.5667338
54,117,492.5771909
54,117,492.5771909
106,95,492.7445048
106,146,492.7671619
106,41,492.7758761
106,137,492.7933047
81,44,494.0237586
54,117,494.0359585
54,117,494.0446728
54,117,494.0446728
134,126,494.0847584
25,22,494.290415
34,140,494.7592423
140,126,496.7565514
54,117,496.7582942
54,117,496.7896656
54,117,496.7931513
140,64,497.0598077
140,134,497.0650363
134,140,497.0702648
44,66,497.0894362
25,132,497.2480358
54,117,504.1166178
25,51,504.1828461
54,117,504.3780456
54,117,504.4983025
89,43,504.7335876
54,117,504.7562446
128,3,504.8015588
44,25,504.8033017
44,25,504.8050445
140,92,504.8590729
140,89,504.9253013
89,140,504.9375013
126,134,505.0368439
118,45,505.071701
54,117,505.1815007
54,117,505.1815007
106,146,505.3104718
43,89,505.8734131
89,43,505.8838702
64,107,506.3248119
54,117,506.6838396
25,44,506.8703248
54,117,507.0585529
54,139,507.269438
126,13,507.3182379
54,117,507.4750946
87,89,507.5796658
54,117,507.647637
54,117,507.647637
64,107,507.8201794
29,139,507.9108078
49,103,507.9212649
49,56,507.9334649
17,66,508.8676338
54,117,509.0837476
54,117,509.1011761
54,117,509.1064046
54,117,509.1064046
54,117,509.1168617
54,117,509.1691473
64,32,509.24409
22,25,509.24409
34,140,509.3190326
34,140,509.3190326
126,140,509.6327461
126,140,509.6327461
140,134,509.6798031
91,98,509.7774029
54,117,509.7774029
54,117,509.7774029
126,138,509.8750026
54,117,509.9970023
54,117,509.9970023
54,117,510.0022309
83,64,510.1207448
83,45,510.1573447
91,98,511.5394268
126,138,511.5481411
126,138,511.5498839
25,132,511.6736265
25,132,511.7991118
13,140,511.9437686
74,12,511.9437686
12,74,511.9524829
74,12,511.9542257
25,22,511.9733971
92,140,512.0326541
13,126,512.0326541
17,127,512.0675111
22,132,512.1145682
54,117,512.3062819
29,139,512.4753386
117,54,512.4997386
103,89,513.3554792
91,98,514.0543631
91,98,514.0805058
25,22,514.1049058
54,117,514.1693913
54,117,514.2338769
91,98,514.2460768
54,117,514.2495625
54,117,514.338448
117,54,514.4465049
12,74,514.5144761
74,12,514.5266761
74,86,514.5615332
29,78,514.7776469
29,139,514.7846183
74,12,514.8177325
140,13,514.9223036
25,132,514.9345036
54,117,515.0547604
54,117,515.0547604
54,117,517.3152402
54,117,519.4310632
22,25,521.5050578
74,12,521.7577714
12,74,521.7682285
74,12,521.7891427
25,51,521.8187712
12,74,521.8239998
126,134,522.2684272
24,104,522.648369
139,111,522.6535976
106,53,523.026568
106,41,523.0405109
95,44,524.067051
54,117,524.173365
140,126,524.3284789
140,126,524.3284789
25,44,524.5864211
44,25,524.9158202
4,89,525.7367038
139,111,525.935389
126,138,526.5192446
126,138,526.5314445
126,138,526.7440726
134,140,526.7597582
38,32,526.7754439
54,117,526.7963581
44,32,526.8469009
99,137,526.8904722
51,81,527.2738997
22,81,527.388928
22,81,527.388928
54,117,527.838584
54,117,527.8560125
51,81,528.4241824
22,25,529.0097809
22,25,529.0097809
92,140,529.1091235
22,81,529.1126092
99,35,529.2171803
44,6,529.2590088
6,44,529.3200086
117,54,529.3426657
25,132,529.3496371
44,25,529.3618371
13,140,529.4001799
140,13,529.5500652
74,12,529.5831794
81,22,529.788836
44,6,529.7958074
25,81,529.8899214
25,81,529.8899214
25,81,529.8934071
81,106,530.2315205
81,22,530.2350062
81,22,530.9391187
25,81,531.0402041
44,6,531.6780882
25,81,531.6902881
25,81,531.7704593
54,117,531.798345
54,117,531.845402
54,117,531.8680591
54,117,531.9186018
125,89,532.0806871
25,81,532.1260013
66,44,532.1538869
25,138,532.3351436
25,81,532.3438578
103,34,532.3978863
54,117,532.6070286
54,117,532.6105143
54,117,532.6122571
54,117,532.6192285
81,22,532.8823993
25,81,532.920742
125,89,533.4331407
25,81,533.4941405
83,67,538.382842
126,134,539.1793256
34,75,539.2751825
87,89,539.3065538
22,81,539.3257252
25,81,539.3483823
29,139,539.3832393
83,67,539.7387813
25,44,539.7945525
128,66,539.8520667
140,92,539.9601235
54,117,539.9758092
54,91,540.1117517
54,117,540.1640373
45,89,540.3522654
25,81,540.3940938
99,106,541.5304337
99,106,541.5321765
22,81,541.5461194
126,13,541.6297763
22,81,541.7430617
125,56,541.7883759
83,67,542.2171176
3,116,542.2676603
3,116,542.2868317
126,134,542.4768026
132,126,542.5134025
132,126,542.5134025
132,126,542.5168882
132,126,542.5168882
58,81,543.0693725
103,43,543.7508279
99,106,543.9355702
117,54,543.9930844
64,107,544.0941698
134,126,544.1830553
54,117,544.364312
117,54,544.4043976
64,32,544.4131118
54,117,544.446226
54,117,544.4775974
54,117,544.5333687
54,117,544.5978542
54,117,544.7581966
22,25,544.7721395
107,65,544.8069965
126,134,544.9882532
134,126,545.049253
126,13,545.0753958
125,89,545.2043669
54,117,545.5965087
54,117,545.6087087
54,117,545.6139372
129,26,545.9503078
129,26,545.9625078
22,81,546.1855929
81,22,546.586449
81,126,546.6160775
126,134,546.6491917
134,126,546.6840487
126,81,546.7119344
22,132,546.7624771
54,117,546.8653054
54,117,546.8653054
54,117,547.0134479
54,117,547.0308764
99,53,547.2016759
54,117,547.2557044
54,117,547.2557044
3,116,547.3742183
3,116,547.3794469
75,9,547.4108182
54,117,547.4875037
126,13,547.5763892
81,126,547.5920749
81,22,547.6321605
81,126,547.661789
32,43,548.4757011
22,132,549.1292709
139,54,549.1920136
25,51,549.3314418
134,126,549.3750131
54,117,549.4238129
117,54,549.4290415
54,117,549.4551843
54,117,549.4621557
54,117,549.4760985
54,117,549.4795842
54,117,549.4795842
54,117,549.4795842
22,81,549.5736983
54,117,549.6381838
25,81,549.6904694
22,25,549.6904694
17,71,549.6974408
17,71,549.7166122
35,58,549.8229262
49,94,549.9972114
54,117,550.0460113
25,51,550.0634398
25,81,550.7309524
54,117,553.0158321
83,67,553.3138599
34,13,555.0689124
89,43,555.2240263
89,43,556.2697378
140,134,556.7437937
89,43,556.7699365
54,117,556.8257078
54,117,556.8291935
54,117,556.8605648
54,117,556.9215647
34,13,556.9389932
34,13,556.9389932
34,13,556.9442217
34,13,556.9442217
35,99,556.9738502
6,44,556.999993
54,117,557.3171922
54,117,557.3468207
44,6,557.3677349
6,44,557.4060777
44,6,557.4409347
34,13,557.4444204
54,117,557.5385345
54,117,557.5385345
54,117,557.7180483
43,89,557.721534
122,147,557.7302483
54,117,557.7389625
58,81,557.8017052
89,43,557.815648
58,35,558.0073618
44,6,558.4134465
64,32,559.0408734
75,9,559.1628731
132,10,559.2639585
22,132,559.3197298
25,44,559.3842153
44,25,559.4016439
25,132,559.4295295
82,65,559.4800722
54,117,559.5410721
25,132,559.6805003
117,54,559.8077285
54,117,559.8199285
25,44,559.9157854
25,132,559.9175282
44,6,559.9680709
140,92,560.0813564
54,117,560.0883278
54,117,560.4665268
44,6,561.0137825
48,86,561.3257531
125,89,561.846866
64,81,561.8921802
125,89,561.8956659
54,117,561.9096087
132,126,561.9723514
54,117,562.0072084
83,45,562.0943511
140,92,562.2390078
64,81,562.3174362
54,117,562.6241782
54,117,562.6694924
125,4,562.674721
125,89,562.8925775
125,89,562.9413774
99,106,564.0236889
126,138,564.1631171
126,138,564.1648599
99,137,564.3112595
22,25,564.3757451
54,117,564.5273732
44,6,564.5308589
64,32,564.6424015
117,54,564.6929442
22,6,564.8637438
99,35,564.8951151
6,44,564.9857435
139,111,565.4075138
44,6,565.5765705
126,134,566.9081098
74,9,567.3542801
117,54,567.5581938
83,117,572.710066
95,44,574.2803762
6,44,574.3082618
99,139,574.329176
44,6,574.3675188
126,13,574.4023759
132,126,574.4337472
6,44,574.5139184
6,44,574.5365755
13,126,574.6028039
126,134,574.6742609
44,6,574.7474607
25,13,574.7927748
34,13,574.8450604
117,54,574.8624889
126,13,574.8799175
126,13,574.9112888
126,13,575.0193457
54,117,575.0472313
140,92,575.1186883
44,6,575.4132303
44,6,575.7931722
12,48,576.3735421
133,7,576.6035986
22,132,576.9608834
54,117,577.1996542
22,132,577.2763397
99,101,577.2902826
99,101,577.2902826
22,132,577.2902826
34,13,577.3565109
34,13,577.3565109
34,13,577.3565109
95,44,577.3687109
83,16,577.4157679
126,140,577.4558535
126,140,577.4558535
44,25,577.4924534
54,117,577.6266531
140,92,577.6301388
83,68,577.8723953
89,43,578.3220513
99,101,578.3359941
139,146,578.3743368
42,124,579.1272492
25,51,579.791276
54,117,579.8714472
25,22,579.9673041
125,89,580.0335325
38,73,580.0771038
81,51,580.5232741
106,111,580.7027879
139,111,581.0548441
125,89,581.079244
140,134,581.7833565
44,6,581.7938136
54,117,582.1545841
83,89,582.2922694
25,51,582.2957551
126,134,582.3096979
44,95,582.5310402
49,29,582.5554401
13,140,582.5624116
126,13,582.5868115
25,51,582.8186109
81,22,583.0660959
81,22,583.14801
22,132,584.2634357
13,126,584.2721499
13,126,584.2843499
126,134,584.6224633
54,117,584.6468632
126,51,584.6573203
125,89,584.7427201
22,81,584.8281199
54,117,584.9623195
126,13,585.0581764
126,81,585.0947763
122,56,585.122662
74,18,585.1418333
25,51,585.1749475
54,117,585.2132903
133,56,585.3283186
122,147,585.560118
56,122,585.7187175
22,81,585.8738314
46,89,585.8982314
81,126,586.079488
54,117,587.3639704
83,6,591.0291893
81,126,591.754216
81,126,591.7559588
140,51,591.895387
25,51,592.1533292
13,126,592.1847005
75,9,592.1881862
140,126,592.191672
140,126,592.191672
140,51,592.2823003
44,6,592.3624715
54,117,592.498414
125,89,592.5053854
133,122,592.6430708
75,9,592.7371848
140,92,592.7633276
125,118,592.7842418
81,126,592.7999275
81,126,592.8016703
118,125,593.1798694
101,111,593.2007836
83,6,593.2931548
126,13,594.2848379
126,134,594.4451803
44,51,594.4660945
134,126,594.4835231
126,25,594.5950656
17,127,594.673494
139,54,594.8495221
54,117,594.9000648
54,139,594.9070362
25,51,594.9488647
44,25,594.9697789
22,132,594.9732646
139,54,594.9889503
146,137,595.0203217
79,88,595.1405785
125,4,595.3200923
54,117,595.3793493
54,117,595.3793493
25,51,595.4717205
49,29,595.7279198
54,117,596.9322309
44,95,597.0542306
126,138,597.1291733
54,117,597.3052014
126,134,597.3296013
13,126,597.345287
126,138,597.3627155
126,138,597.3644584
126,134,597.3696869
12,86,597.4498581
12,86,597.4498581
140,4,597.6014863
126,134,597.6119434
140,92,597.6781718
74,18,597.6816575
103,34,597.7008289
126,134,597.7496288
54,117,597.8280571
83,64,598.2289132
75,34,598.420627
12,86,598.9138543
74,93,599.2432534
74,93,599.2432534
126,13,599.3669959
117,54,599.5238527
54,117,599.5656811
25,132,599.6231953
54,117,599.6841951
54,117,599.792252
54,117,599.792252
9,75,599.9891943
117,54,600.0188228
75,9,600.1146797
54,139,600.1216511
83,117,600.1355939
54,123,600.1756795
54,117,600.2506222
54,117,600.2680507
54,117,600.2732793
139,104,600.6479926
106,41,600.7037639
75,9,601.6449042
9,75,601.7250755
133,122,601.7442468
75,9,601.8627608
75,34,601.8854179
54,117,601.9516463
54,117,601.9516463
22,132,601.967332
130,133,602.0039319
35,99,602.0422746
117,89,602.3019597
146,81,602.3106739
54,117,602.321131
54,117,602.4675307
117,54,602.4710164
75,9,602.5198162
75,9,602.5999875
54,117,602.6087017
17,127,602.8161012
54,117,602.8387583
117,89,603.3476712
17,127,603.8618127
54,123,604.792496
17,73,609.4337123
44,25,609.5853405
22,132,609.9652824
54,123,610.1691961
132,25,610.2075389
87,89,610.2685387
83,133,610.3469671
126,13,610.395767
75,9,610.4009955
83,4,610.4253955
54,123,610.4654811
64,107,610.4968524
49,103,610.7059947
25,22,612.014877
9,75,612.192648
75,9,612.1996194
13,126,612.2065908
44,25,612.2728192
9,75,612.3791332
12,74,612.4383902
12,74,612.4505901
12,74,612.5081043
139,54,612.5795612
6,44,612.6614753
134,140,612.7747607
111,139,612.8148463
54,117,612.830532
54,117,613.0501314
54,117,613.0501314
54,117,613.0501314
12,48,613.1181027
111,139,613.5032731
34,13,614.5542132
34,13,614.5542132
44,6,614.6500701
99,53,614.7354698
87,117,614.9114979
74,18,615.1502687
111,106,615.3001541
130,89,616.3754941
81,22,616.9140355
106,53,618.268232
54,117,619.5178573
54,117,620.2149983
48,12,620.2672839
54,117,620.2916838
111,139,620.5165118
64,81,620.5478831
64,81,620.6315401
54,117,620.7727111
13,126,626.9946948
13,126,626.9946948
54,117,627.003409
54,117,627.003409
140,92,627.1637515
140,92,627.2090656
101,76,627.784207
54,117,627.984635
101,76,628.0665491
57,35,628.2948628
34,13,629.4050598
13,34,629.4817454
75,34,629.4869739
6,44,629.5148596
99,41,629.5410023
44,6,629.6961162
75,34,629.7536304
99,106,629.8163731
99,106,629.8163731
51,126,629.9087442
128,73,629.934887
63,27,630.1754007
54,117,630.2015435
6,44,630.4594856
44,6,630.4803999
83,45,630.6006567
64,81,631.0259127
64,81,631.0311413
64,81,631.0485698
64,81,631.0869126
64,81,631.3361405
64,81,631.3692547
44,6,632.07511
128,127,632.3748806
22,132,632.5369659
25,44,632.5753087
25,44,632.5787944
25,132,632.5875086
34,13,632.6328228
54,117,632.7739939
16,105,633.2497926
25,22,633.3648209
127,32,633.5600204
64,81,633.5983631
64,81,633.6035917
117,54,634.4907036
54,117,634.7782743
54,117,634.8427598
54,117,634.8427598
54,117,634.8915597
54,117,634.8915597
54,117,634.9996166
54,117,634.9996166
140,92,635.172159
17,73,635.1739018
44,95,635.2418731
54,117,635.3621299
54,117,635.3935013
64,32,635.4667011
32,38,635.4771582
85,78,635.6741005
66,17,635.9930425
64,107,636.0906423
64,107,636.0993565
95,44,637.0962682
44,25,637.4465816
75,34,637.5145528
134,140,637.5302385
131,128,637.7045237
25,22,637.807352
81,44,637.8212949
81,44,637.8334948
25,75,637.8474377
44,81,637.8578948
81,44,637.8822947
54,117,637.9798945
101,15,638.0496086
101,15,638.0687799
101,15,638.091437
16,120,638.387722
25,75,638.8931492
117,54,640.7388301
25,143,644.6829054
126,140,644.735191
22,25,644.7369338
25,22,644.8188479
54,117,644.8606764
13,34,644.888562
75,34,644.8990191
75,34,644.8990191
83,4,645.007076
99,106,645.0140474
99,106,645.0140474
6,44,645.1377899
54,117,645.1796184
138,13,645.1813612
25,143,645.266761
25,44,645.3678465
87,89,645.3887607
25,143,645.4027035
44,81,645.4393034
111,16,645.4654462
44,95,645.5438746
44,95,645.5473603
54,117,645.7704454
118,45,645.8419024
16,105,645.9185879
111,139,645.9917877
133,122,646.0754446
75,132,646.9956708
75,132,647.0026422
25,44,647.0740991
25,143,647.0740991
25,51,647.1211561
44,81,647.2065559
81,44,647.2100416
75,34,647.2501272
75,34,647.2501272
44,34,647.2849843
44,34,647.2849843
44,34,647.2849843
44,34,647.2849843
13,34,647.3146128
44,95,647.3320413
82,65,647.3634126
126,51,647.6300691
140,92,647.6474976
138,126,647.6562119
126,51,647.666669
34,116,647.6684118
81,64,647.7294117
34,116,647.7799544
140,92,647.8409542
81,44,647.9629539
81,44,648.0222109
32,38,648.0954107
16,105,648.1006393
54,117,648.1232964
54,117,648.1232964
32,38,648.6182665
34,116,648.8256659
34,13,649.5297784
55,62,649.6082067
75,34,649.6238924
75,34,649.6238924
54,117,649.8853203
13,34,650.0735484
13,34,650.0892341
43,109,650.1467482
83,89,650.8055465
16,6,650.9205747
44,95,651.0495458
13,34,651.1192599
87,89,651.9906862
126,138,652.0882859
126,138,652.0882859
96,131,652.5780275
126,138,652.6738844
117,46,652.8533982
99,146,653.2002259
133,135,653.2437972
61,35,653.3570826
117,46,653.376254
44,95,653.4999965
44,95,653.5261393
25,22,654.829793
22,132,654.8385073
51,126,655.0110497
96,131,655.0354496
61,35,655.2254206
57,2,655.267249
57,2,655.267249
22,25,655.3021061
99,35,655.3108203
25,51,655.3369631
71,17,655.3631059
54,117,655.3944772
54,117,655.4711628
127,128,655.4973055
127,128,655.4973055
54,117,655.5025341
25,143,655.5217055
25,51,655.8598189
124,36,657.4580147
75,9,662.170688
54,117,662.2351736
54,117,662.2351736
6,44,662.2456307
25,44,662.277002
44,25,662.3223162
22,25,662.4112017
64,107,662.4774301
54,117,662.5558584
54,117,662.5663155
6,44,662.5715441
25,75,662.5994297
25,75,662.5994297
22,25,662.7632579
101,53,662.8050863
107,82,662.8050863
126,134,662.8312291
44,6,662.8382005
34,140,662.9148861
140,92,662.9480003
28,37,663.0142286
83,6,663.0229429
13,126,663.0438571
22,81,663.0595428
54,117,663.1571426
54,117,663.2547423
54,117,663.2547423
83,67,663.3105136
44,25,663.3680277
44,6,663.4638846
125,4,663.5266273
25,75,663.6451413
44,6,663.9867404
6,44,664.3980536
6,44,664.5287675
13,126,664.6472815
25,22,664.783224
22,25,664.8076239
54,117,664.8233096
34,13,664.936595
34,13,664.936595
54,117,664.9975949
54,117,664.9975949
54,117,665.0185091
109,52,665.0847375
9,75,665.1317945
9,75,665.1718801
131,2,665.2694799
75,34,665.3461654
32,38,665.3705653
32,38,665.3967081
54,117,665.7400501
54,117,666.7857616
54,117,667.3765886
140,138,667.5404168
54,123,667.6868164
54,117,667.6937878
123,54,667.8001018
64,32,667.821016
118,5,667.8872444
118,5,667.8872444
123,54,667.9796156
54,117,668.0319012
25,132,668.0597868
117,54,668.2567292
13,126,669.6004685
13,126,669.6004685
25,132,669.6353255
126,92,669.9176676
126,92,669.9194105
64,107,669.9699532
64,107,669.9699532
6,44,670.1285528
126,51,670.3237523
127,17,670.3254951
127,17,670.3254951
126,138,670.4039235
99,35,670.4614376
25,22,670.4631805
111,32,670.4701519
117,54,670.5015233
83,131,670.7594654
32,15,670.8448652
80,104,670.8988936
44,6,671.0208933
44,6,671.5437491
22,132,671.9132338
111,106,672.6992603
80,104,672.9362883
25,81,673.0548023
44,81,680.0349268
134,126,682.0967213
13,134,682.1315784
54,117,682.4296062
54,117,682.4296062
34,13,682.4679489
34,13,682.4679489
13,34,682.5080346
140,126,682.5951772
126,92,682.6770912
126,138,682.680577
54,117,682.7956052
117,54,682.7973481
54,117,682.809548
69,4,682.8792621
4,69,682.881005
54,117,682.8914621
73,128,682.9611762
54,117,682.9664048
54,117,682.975119
54,117,683.3550609
24,85,683.4090893
54,117,683.4753177
34,13,683.5136605
90,130,683.6530887
6,44,683.7245456
112,28,683.8726881
90,142,684.0835733
13,126,684.7894286
13,126,684.7894286
44,25,684.8329999
95,44,684.8695998
117,54,685.0351708
54,117,685.0543421
54,117,685.174599
54,117,685.174599
54,117,685.174599
83,118,685.3471414
44,6,685.4273126
44,25,685.8787114
42,48,685.9100828
44,6,685.9501684
68,4,685.9675969
95,44,686.0198825
6,44,686.0268539
15,32,686.096568
32,15,686.096568
112,69,686.3335959
25,44,686.5322811
54,117,687.2956505
54,117,687.3549075
54,117,687.3566504
54,117,687.5344213
87,89,687.7243923
87,89,687.7243923
13,126,687.7888778
13,126,687.7888778
13,126,687.7923635
13,126,687.7923635
13,34,687.7958492
13,34,687.7958492
126,92,687.8080492
83,45,687.869049
126,92,687.9108775
54,117,688.0607628
54,117,688.0834199
54,117,688.0851627
126,13,688.1217627
123,54,688.1513911
54,117,688.1757911
54,123,688.1775339
54,117,688.2106481
83,45,688.2280767
61,2,688.2367909
22,132,688.6341613
126,140,689.6415301
126,140,689.6415301
140,138,689.6554729
126,92,689.9465293
54,117,689.9761578
54,117,690.009272
42,12,690.0633004
81,44,690.2306143
44,81,690.6279846
131,43,690.6628417
127,128,690.7168701
127,128,690.7168701
22,88,690.7918128
5,56,691.0985548
6,44,691.2536687
25,44,691.5604108
42,9,693.8418048
132,22,697.243853
22,132,697.2612815
13,134,697.3414527
132,25,697.5174808
132,25,697.5192237
25,132,697.5837092
51,126,697.6133377
83,4,697.6952518
126,92,697.7440516
43,131,697.9375083
43,131,697.9375083
111,16,698.1605934
112,69,698.165822
126,92,698.1937076
126,92,698.1954505
126,138,698.200679
141,133,698.2860788
125,112,698.3470786
6,44,698.4551355
80,104,698.6991348
115,119,698.7671061
22,25,699.6803608
126,138,699.7012751
13,126,699.7309036
140,141,699.8720746
25,132,699.9958172
138,140,700.0237028
126,92,700.0237028
92,126,700.0463599
13,126,700.0655313
13,126,700.0655313
13,126,700.0655313
13,134,700.0794741
111,146,700.1178168
13,138,700.1735881
133,122,700.2537593
13,138,700.3687876
83,45,700.3984161
83,45,700.4123589
89,4,700.6546154
65,82,700.9387004
46,4,700.966586
80,104,701.0763857
4,89,701.1356427
89,43,701.1617855
54,117,702.2510684
54,117,702.2545541
22,132,702.2772112
13,126,702.4288393
13,126,702.4288393
126,92,702.538639
126,92,702.5438676
54,117,702.6327531
54,117,702.6327531
126,92,702.6606387
34,13,702.7338385
34,13,702.7338385
34,13,702.7564956
34,13,702.7582385
34,13,702.7582385
13,126,702.8418954
13,126,702.8418954
83,16,702.8575811
13,34,702.9813236
13,34,702.9813236
112,59,702.9813236
69,112,703.5704078
126,92,703.5843506
83,112,703.5843506
126,92,703.5895791
112,69,703.626179
89,4,703.7673501
34,13,703.8022071
34,13,703.80395
90,130,704.2152632
126,134,704.7346333
34,13,704.7660046
34,13,704.7660046
34,13,704.7660046
131,96,705.0971466
83,45,705.3742602
17,66,705.5642311
102,18,705.6496309
102,37,705.6635737
5,4,705.6688022
34,13,705.8117162
83,45,707.6643684
17,73,707.7027112
83,45,707.7236254
87,89,707.8491108
73,128,707.8996535
135,122,707.9484534
22,132,707.9484534
65,82,708.1209958
61,22,708.2586811
80,104,708.2970239
83,45,708.460852
54,117,712.6680981
54,117,712.6680981
117,54,712.7256123
51,25,713.414039
34,13,714.9198636
34,13,715.0627775
25,81,715.4793193
34,13,715.9655752
64,87,716.2200317
54,117,717.4487427
22,81,717.8286846
87,89,717.9384843
87,89,717.9384843
73,109,717.9959984
112,108,718.2643977
67,19,718.3497975
64,5,718.4125402
108,112,718.5641683
112,69,718.6147111
22,25,720.0473359
80,104,720.3523351
67,68,720.4795633
67,68,720.4813062
102,70,720.9501335
108,21,721.2237614
22,25,722.3025871
22,132,722.3496441
22,132,724.7617521
102,37,725.4588931
11,34,728.9341411
34,11,730.6700222
90,130,731.7680194
67,19,732.9409591
54,117,733.0664445
54,117,733.2407298
69,21,733.2546726
54,117,733.2564154
54,117,735.1038392
54,117,735.7120947
54,117,735.7818088
57,44,735.8985799
54,117,735.9473798
102,18,736.0101225
25,75,736.027551
106,72,736.1878934
44,57,736.3151217
44,57,736.3151217
102,37,737.9534031
72,54,738.0353172
80,104,738.1189741
54,139,738.1730025
139,54,738.2008882
72,76,738.2096024
54,117,738.3647163
92,138,738.4832303
112,21,738.521573
59,45,738.7167725
72,101,738.7446582
12,86,738.8492293
54,117,739.3232852
125,89,739.5115133
102,9,740.3236826
48,9,740.6530817
9,48,740.6635388
71,17,740.696653
54,117,740.8639669
54,117,741.252623
126,15,741.4129654
90,130,741.724936
139,54,742.4883055
80,104,742.8926473
104,80,742.9763042
112,46,743.1593037
54,117,744.5204715
54,117,745.0746987
54,117,746.0820674
90,24,748.6248893
117,54,750.4078275
54,117,750.4391988
80,104,750.756398
122,23,750.7773122
54,117,752.6822501
92,51,755.5387854
72,128,755.9779843
131,43,756.1871266
102,37,756.3770975
112,89,756.4293831
70,27,757.7853224
112,151,758.0728931
123,117,758.2367212
81,51,758.2872639
81,51,758.2872639
24,85,758.3325781
25,51,758.960005
123,117,759.2824327
54,117,760.2688873
54,117,760.2950301
24,85,760.6348863
51,44,760.6767148
24,80,760.9119999
54,117,761.0043711
12,86,761.5289697
112,89,768.1465809
125,89,768.5892654
90,130,768.7182365
112,89,768.760065
64,81,768.8820647
54,117,768.8838075
64,81,768.8925218
54,117,768.8994932
54,117,768.8994932
64,81,768.913436
64,81,768.9204074
81,51,768.9936072
125,89,769.528663
54,117,769.929519
54,117,769.929519
54,117,769.9452047
112,89,770.4872319
27,40,770.9334021
70,102,771.1652015
81,51,771.1861157
12,129,771.3795724
90,130,771.3900295
54,117,775.2748478
102,37,775.3428191
102,119,775.4961901
54,117,775.6460754
117,54,775.7210181
141,138,775.7907322
117,54,775.8133893
81,6,775.8953034
81,6,775.9249319
69,27,776.0748172
69,27,776.0748172
6,89,776.1968169
125,89,776.2979023
12,26,776.4704447
26,129,776.5889587
26,129,776.5941872
54,117,777.7601556
54,117,777.7723556
117,54,777.7775841
54,117,777.9100409
54,117,777.9222409
102,37,777.9344409
54,117,777.9936978
117,54,778.004155
54,117,778.0146121
80,104,778.0965261
27,70,778.2429258
117,54,778.2655828
54,117,778.2812685
117,54,778.2847542
54,117,778.8180671
54,117,778.9557525
54,117,778.9679524
54,117,779.0603236
54,117,779.3269801
54,117,783.8653681
42,12,784.0657962
54,117,784.7977942
102,37,785.3781641
24,90,785.4827353
117,54,785.5751065
54,117,785.6273921
54,117,785.6326206
32,64,786.0334767
32,64,786.4116757
141,126,786.6626465
54,117,786.6731036
54,117,786.6783322
54,117,787.0809311
32,64,787.9506145
102,28,787.9767573
102,28,787.992443
81,51,788.2294709
54,117,788.3776134
117,54,788.5135559
130,122,788.6599555
72,101,788.6860983
54,117,788.6860983
72,101,788.6878412
117,54,788.8917549
90,24,788.9562405
54,117,788.9893547
54,117,789.4529534
54,117,790.0995517
54,117,790.3400654
54,117,790.4062938
54,117,790.4359223
54,117,790.4359223
69,131,790.4498651
69,131,790.4533508
69,131,790.4585794
32,64,790.4934364
11,54,790.5317792
11,54,790.557922
72,6,790.7670643
102,37,790.8245784
81,51,791.018035
54,117,791.0982063
34,33,791.183606
54,117,791.2062631
111,32,791.31432
111,32,791.31432
81,51,791.4223768
81,25,791.4851195
92,126,791.4886052
125,89,791.6646333
72,131,792.9264586
54,117,793.2488863
34,75,793.3482289
34,75,793.3639146
5,56,793.5381998
33,34,793.7874278
34,33,793.8222848
92,25,794.0593128
122,133,795.368195
32,64,795.4779947
72,106,795.6121944
92,126,795.8213367
141,33,795.9659935
80,78,796.3581353
54,6,803.1326032
72,131,803.1395746
141,103,803.1988316
54,117,803.2511172
54,117,803.2546029
25,2,803.299917
90,130,803.4881451
5,56,803.489888
54,6,803.655459
75,34,804.1103435
112,139,804.1905147
6,54,804.3648
54,117,805.4697685
54,117,805.4697685
54,6,805.6039681
54,117,805.6109395
5,56,805.6510251
54,6,806.1268239
25,44,806.2017666
54,117,806.51548
90,130,806.6514225
54,117,806.6566511
90,130,806.6653653
54,117,807.2997637
102,12,807.8836193
64,112,808.0579045
72,106,808.1537614
65,64,808.1851328
72,131,808.2269612
54,117,808.4169322
54,56,808.4221607
54,117,808.4273893
90,130,808.6051602
33,45,808.6539601
54,117,808.6992743
54,117,808.8456739
64,5,808.9415308
54,56,808.9450165
44,95,809.0269306
90,130,809.0774733
54,117,809.446958
54,117,809.4731008
54,117,809.8913854
54,117,810.2434416
117,54,810.2434416
51,79,810.5780693
54,117,810.7209832
103,5,810.724469
139,117,810.7349261
25,57,810.9004971
25,57,810.9004971
25,44,811.0277253
102,37,811.0521252
102,37,811.0521252
44,25,811.0765252
92,126,811.1322965
141,126,811.2124677
26,129,811.2943817
54,117,811.3013532
141,92,811.634238
54,117,812.8890918
141,126,813.1801482
44,25,813.2620623
68,96,813.4032333
118,45,813.4520332
141,103,813.4834046
27,40,813.6611755
102,37,813.7012611
102,37,813.7012611
141,126,813.7064897
141,126,813.7953752
25,44,813.9644319
30,89,814.0202031
54,117,815.7700271
102,37,820.4565577
54,117,820.5977287
80,135,820.7667854
80,135,820.8225567
80,135,820.8713566
54,117,820.8748423
54,117,821.3401839
32,64,821.3715553
80,104,821.587669
24,90,823.0342366
92,140,823.4438069
25,57,823.5518638
90,142,823.6982634
139,54,823.7836632
54,117,823.785406
60,117,825.6485154
60,123,825.653744
54,89,825.7391438
60,123,825.8053722
81,44,825.8506863
44,81,825.9430575
123,60,825.9918574
72,106,826.4589419
72,101,826.4659133
81,51,826.5112275
72,6,828.0937376
54,130,828.1285946
130,54,828.135566
60,49,828.1913373
60,123,828.1965659
92,140,828.4022225
44,6,828.4632223
25,51,828.5399078
54,130,828.6287933
54,117,828.6775932
72,106,828.7943643
64,81,828.8658213
64,81,828.8745355
54,30,828.963421
25,51,829.0767064
92,138,829.0801921
122,147,829.0871635
102,37,829.1202777
51,81,829.1481634
130,54,829.1812776
54,11,829.3398772
80,85,830.938073
11,30,830.9711872
80,85,831.0391584
51,81,831.1960151
51,44,831.4016717
122,147,831.5027572
80,104,831.5027572
80,135,831.5062429
80,130,831.5079858
64,32,831.5184429
25,84,831.5254143
80,130,831.5271571
64,81,831.5393571
130,90,831.5428428
32,65,831.5445857
